[
  {
    "id": 1,
    "name": "GPT BOT",
    "images": "https://westart.or.kr/wp-content/uploads/2016/05/AI7.png"
  },
  {
    "id": 2,
    "name": "HAL",
    "images": "https://i.pinimg.com/564x/74/fa/c0/74fac0f43fdaa08d3582316ae8d7bd7f.jpg"
  },
  {
    "id": 3,
    "name": "I-Robot",
    "images": "https://i.pinimg.com/564x/d3/57/f2/d357f2d659165c0806e4e7c565ee3da8.jpg"
  },
  {
    "id": 4,
    "name": "JARVIS",
    "images": "https://i.pinimg.com/564x/1c/ea/80/1cea80703c7ae5f94a449399816f6a82.jpg"

  },
  {
    "id": 5,
    "name": "Arnold Schwarzenegger",
    "images": "https://i.pinimg.com/564x/c9/f6/73/c9f67385a6ea960cbab7cc29cf0a106d.jpg"
 
  },
  {
    "id": 6,
    "name": "Ronnie Coleman",
    "images": "https://i.pinimg.com/736x/47/8c/25/478c25dc3c381cf7f7ebb6558bce3416.jpg"

  },
  {
    "id": 7,
    "name": "골댕이",
    "images": "https://i.pinimg.com/564x/24/6e/0c/246e0c0514dc0391d02c24e49163d0fe.jpg"
    
  },
  {
    "id": 8,
    "name": "도지",
    "images": "https://i.pinimg.com/736x/af/23/0d/af230dc0fda2e962661e1c1239230eac.jpg"
  }

]