[
  {
    "id": 1,
    "name": "Leanne Graham",
    "images": "https://i.pinimg.com/564x/f7/27/45/f727450ff3cf9d69a5fbc457fccd2fd7.jpg"
  },
  {
    "id": 2,
    "name": "Ervin Howell",
    "images": "https://i.pinimg.com/564x/a8/aa/be/a8aabe5d82950d33c281d74eea1da393.jpg"
  },
  {
    "id": 3,
    "name": "Clementine Bauch",
    "images": "https://i.pinimg.com/736x/ad/ef/b5/adefb525400ff9631cbfcd2a4ca5b781.jpg"
  },
  {
    "id": 4,
    "name": "Chris Bumbsted",
    "images": "https://i.pinimg.com/564x/6b/7a/bd/6b7abd8b311cfce7a6cdbb389b690627.jpg"

  },
  {
    "id": 5,
    "name": "Arnold Schwarzenegger",
    "images": "https://i.pinimg.com/564x/c9/f6/73/c9f67385a6ea960cbab7cc29cf0a106d.jpg"
 
  },
  {
    "id": 6,
    "name": "Ronnie Coleman",
    "images": "https://i.pinimg.com/736x/47/8c/25/478c25dc3c381cf7f7ebb6558bce3416.jpg"

  },
  {
    "id": 7,
    "name": "골댕이",
    "images": "https://i.pinimg.com/564x/24/6e/0c/246e0c0514dc0391d02c24e49163d0fe.jpg"
    
  },
  {
    "id": 8,
    "name": "도지",
    "images": "https://i.pinimg.com/736x/af/23/0d/af230dc0fda2e962661e1c1239230eac.jpg"
  }

]